restapi-app2-1,0.00%,56.91MiB / 3.824GiB
restapi-app2-1,2.14%,26.44MiB / 3.824GiB
restapi-app2-1,3.16%,29.43MiB / 3.824GiB
restapi-app2-1,5.33%,29.73MiB / 3.824GiB
restapi-app2-1,9.04%,33.4MiB / 3.824GiB
restapi-app2-1,15.13%,34MiB / 3.824GiB
restapi-app2-1,8.07%,33.38MiB / 3.824GiB
restapi-app2-1,17.65%,39.8MiB / 3.824GiB
restapi-app2-1,11.88%,40.26MiB / 3.824GiB
restapi-app2-1,15.46%,40.66MiB / 3.824GiB
restapi-app2-1,13.63%,55.58MiB / 3.824GiB
restapi-app2-1,15.92%,54.83MiB / 3.824GiB
restapi-app2-1,24.19%,55.96MiB / 3.824GiB
restapi-app2-1,20.29%,55.91MiB / 3.824GiB
restapi-app2-1,24.27%,56.32MiB / 3.824GiB
restapi-app2-1,24.16%,57.68MiB / 3.824GiB
restapi-app2-1,24.69%,57.64MiB / 3.824GiB
restapi-app2-1,23.16%,57.78MiB / 3.824GiB
restapi-app2-1,25.84%,58.32MiB / 3.824GiB
restapi-app2-1,26.75%,58.49MiB / 3.824GiB
restapi-app2-1,28.32%,57.73MiB / 3.824GiB
restapi-app2-1,61.09%,58.61MiB / 3.824GiB
restapi-app2-1,40.66%,58.61MiB / 3.824GiB
restapi-app2-1,34.01%,59.68MiB / 3.824GiB
restapi-app2-1,31.68%,59.95MiB / 3.824GiB
restapi-app2-1,36.02%,60.04MiB / 3.824GiB
restapi-app2-1,32.26%,59.75MiB / 3.824GiB
restapi-app2-1,32.22%,60.93MiB / 3.824GiB
restapi-app2-1,37.51%,60.65MiB / 3.824GiB
restapi-app2-1,36.96%,61.27MiB / 3.824GiB
restapi-app2-1,38.93%,60.48MiB / 3.824GiB
restapi-app2-1,42.57%,61.42MiB / 3.824GiB
restapi-app2-1,42.40%,61.29MiB / 3.824GiB
restapi-app2-1,42.54%,61.63MiB / 3.824GiB
restapi-app2-1,40.06%,62.29MiB / 3.824GiB
restapi-app2-1,37.68%,63.67MiB / 3.824GiB
restapi-app2-1,48.98%,63.34MiB / 3.824GiB
restapi-app2-1,40.92%,63.21MiB / 3.824GiB
restapi-app2-1,47.70%,63.91MiB / 3.824GiB
restapi-app2-1,46.94%,64.39MiB / 3.824GiB
restapi-app2-1,45.84%,64.98MiB / 3.824GiB
restapi-app2-1,50.84%,64.1MiB / 3.824GiB
restapi-app2-1,51.10%,63.95MiB / 3.824GiB
restapi-app2-1,48.44%,65.03MiB / 3.824GiB
restapi-app2-1,52.26%,65.27MiB / 3.824GiB
restapi-app2-1,52.38%,66.98MiB / 3.824GiB
restapi-app2-1,54.97%,66.21MiB / 3.824GiB
restapi-app2-1,57.15%,65.62MiB / 3.824GiB
restapi-app2-1,64.26%,65.16MiB / 3.824GiB
restapi-app2-1,57.21%,65.79MiB / 3.824GiB
restapi-app2-1,64.44%,65.12MiB / 3.824GiB
restapi-app2-1,56.36%,66.34MiB / 3.824GiB
restapi-app2-1,55.25%,67.05MiB / 3.824GiB
restapi-app2-1,67.85%,67.84MiB / 3.824GiB
restapi-app2-1,64.71%,67.24MiB / 3.824GiB
restapi-app2-1,63.66%,68.5MiB / 3.824GiB
restapi-app2-1,70.70%,68.84MiB / 3.824GiB
restapi-app2-1,73.67%,68.67MiB / 3.824GiB
restapi-app2-1,97.33%,69.89MiB / 3.824GiB
restapi-app2-1,75.84%,69.45MiB / 3.824GiB
restapi-app2-1,94.81%,69.2MiB / 3.824GiB
restapi-app2-1,74.28%,69.05MiB / 3.824GiB
restapi-app2-1,80.35%,70MiB / 3.824GiB
restapi-app2-1,91.33%,69.45MiB / 3.824GiB
restapi-app2-1,83.38%,70.8MiB / 3.824GiB
restapi-app2-1,88.17%,72.77MiB / 3.824GiB
restapi-app2-1,93.05%,70.88MiB / 3.824GiB
restapi-app2-1,138.97%,71.41MiB / 3.824GiB
restapi-app2-1,95.36%,73.93MiB / 3.824GiB
restapi-app2-1,99.80%,71.51MiB / 3.824GiB
restapi-app2-1,89.59%,71.34MiB / 3.824GiB
restapi-app2-1,101.35%,73.24MiB / 3.824GiB
restapi-app2-1,93.44%,72.94MiB / 3.824GiB
restapi-app2-1,98.18%,72.98MiB / 3.824GiB
restapi-app2-1,80.24%,73.01MiB / 3.824GiB
restapi-app2-1,82.18%,73.22MiB / 3.824GiB
restapi-app2-1,99.71%,74.56MiB / 3.824GiB
restapi-app2-1,98.44%,73.33MiB / 3.824GiB
restapi-app2-1,93.00%,75.71MiB / 3.824GiB
restapi-app2-1,93.01%,76.28MiB / 3.824GiB
restapi-app2-1,110.35%,74.25MiB / 3.824GiB
restapi-app2-1,87.49%,74.89MiB / 3.824GiB
restapi-app2-1,101.07%,76.43MiB / 3.824GiB
restapi-app2-1,95.03%,75.62MiB / 3.824GiB
restapi-app2-1,89.05%,78.42MiB / 3.824GiB
restapi-app2-1,91.79%,77.7MiB / 3.824GiB
restapi-app2-1,103.41%,75.56MiB / 3.824GiB
restapi-app2-1,99.79%,74.76MiB / 3.824GiB
restapi-app2-1,101.23%,78.49MiB / 3.824GiB
restapi-app2-1,90.56%,74.66MiB / 3.824GiB
restapi-app2-1,88.97%,77.06MiB / 3.824GiB
restapi-app2-1,94.52%,77.82MiB / 3.824GiB
restapi-app2-1,103.10%,78.7MiB / 3.824GiB
restapi-app2-1,96.98%,81.98MiB / 3.824GiB
restapi-app2-1,101.33%,79.89MiB / 3.824GiB
restapi-app2-1,100.14%,74.83MiB / 3.824GiB
restapi-app2-1,102.65%,76.66MiB / 3.824GiB
restapi-app2-1,105.01%,78.76MiB / 3.824GiB
restapi-app2-1,101.91%,77.05MiB / 3.824GiB
restapi-app2-1,100.15%,78.58MiB / 3.824GiB
restapi-app2-1,102.78%,77.91MiB / 3.824GiB
restapi-app2-1,98.81%,78.73MiB / 3.824GiB
restapi-app2-1,97.22%,79.29MiB / 3.824GiB
restapi-app2-1,100.87%,77.25MiB / 3.824GiB
restapi-app2-1,100.28%,78.14MiB / 3.824GiB
restapi-app2-1,104.29%,76.25MiB / 3.824GiB
restapi-app2-1,98.99%,77.53MiB / 3.824GiB
restapi-app2-1,99.92%,77.25MiB / 3.824GiB
restapi-app2-1,99.26%,77.7MiB / 3.824GiB
restapi-app2-1,99.19%,77.43MiB / 3.824GiB
restapi-app2-1,98.14%,77.98MiB / 3.824GiB
restapi-app2-1,97.45%,78.31MiB / 3.824GiB
restapi-app2-1,101.26%,78.67MiB / 3.824GiB
restapi-app2-1,124.29%,79.22MiB / 3.824GiB
restapi-app2-1,102.74%,77.26MiB / 3.824GiB
restapi-app2-1,101.09%,77.53MiB / 3.824GiB
restapi-app2-1,100.73%,82.93MiB / 3.824GiB
restapi-app2-1,104.73%,82.38MiB / 3.824GiB
restapi-app2-1,99.65%,77.3MiB / 3.824GiB
restapi-app2-1,104.49%,77.86MiB / 3.824GiB
restapi-app2-1,106.78%,77.35MiB / 3.824GiB
restapi-app2-1,96.58%,79.38MiB / 3.824GiB
restapi-app2-1,105.42%,76.91MiB / 3.824GiB
restapi-app2-1,97.98%,82.29MiB / 3.824GiB
restapi-app2-1,101.16%,79.1MiB / 3.824GiB
restapi-app2-1,104.33%,77.31MiB / 3.824GiB
restapi-app2-1,101.16%,79.59MiB / 3.824GiB
restapi-app2-1,99.82%,80.32MiB / 3.824GiB
restapi-app2-1,99.72%,79.52MiB / 3.824GiB
restapi-app2-1,101.32%,77.01MiB / 3.824GiB
restapi-app2-1,104.64%,78.17MiB / 3.824GiB
restapi-app2-1,116.47%,78.51MiB / 3.824GiB
restapi-app2-1,95.35%,81.1MiB / 3.824GiB
restapi-app2-1,99.26%,77.14MiB / 3.824GiB
restapi-app2-1,99.79%,78.74MiB / 3.824GiB
restapi-app2-1,95.84%,78.16MiB / 3.824GiB
restapi-app2-1,102.58%,79.8MiB / 3.824GiB
restapi-app2-1,104.46%,79.52MiB / 3.824GiB
restapi-app2-1,107.90%,79.55MiB / 3.824GiB
restapi-app2-1,100.93%,77.79MiB / 3.824GiB
restapi-app2-1,114.08%,79.66MiB / 3.824GiB
restapi-app2-1,105.16%,79MiB / 3.824GiB
restapi-app2-1,99.10%,77.52MiB / 3.824GiB
restapi-app2-1,100.60%,80.44MiB / 3.824GiB
restapi-app2-1,106.53%,77.93MiB / 3.824GiB
restapi-app2-1,100.94%,76.4MiB / 3.824GiB
restapi-app2-1,100.57%,79.05MiB / 3.824GiB
restapi-app2-1,101.81%,77.55MiB / 3.824GiB
restapi-app2-1,101.38%,80.23MiB / 3.824GiB
restapi-app2-1,109.40%,78.19MiB / 3.824GiB
restapi-app2-1,104.56%,79.89MiB / 3.824GiB
restapi-app2-1,99.96%,76.89MiB / 3.824GiB
restapi-app2-1,96.14%,78.66MiB / 3.824GiB
restapi-app2-1,92.63%,75.36MiB / 3.824GiB
restapi-app2-1,98.38%,75.91MiB / 3.824GiB
restapi-app2-1,101.69%,77.62MiB / 3.824GiB
restapi-app2-1,100.07%,77.23MiB / 3.824GiB
restapi-app2-1,91.12%,76MiB / 3.824GiB
restapi-app2-1,97.97%,78.98MiB / 3.824GiB
restapi-app2-1,113.69%,82.1MiB / 3.824GiB
restapi-app2-1,101.32%,79.5MiB / 3.824GiB
restapi-app2-1,101.56%,78.2MiB / 3.824GiB
restapi-app2-1,100.33%,79.56MiB / 3.824GiB
restapi-app2-1,101.70%,77.34MiB / 3.824GiB
restapi-app2-1,104.42%,78.93MiB / 3.824GiB
restapi-app2-1,98.24%,79.93MiB / 3.824GiB
restapi-app2-1,98.86%,80.11MiB / 3.824GiB
restapi-app2-1,100.84%,76.16MiB / 3.824GiB
restapi-app2-1,103.25%,80.89MiB / 3.824GiB
restapi-app2-1,96.48%,78.32MiB / 3.824GiB
restapi-app2-1,102.80%,85.18MiB / 3.824GiB
restapi-app2-1,100.21%,76.1MiB / 3.824GiB
restapi-app2-1,100.14%,79.84MiB / 3.824GiB
restapi-app2-1,101.52%,79.49MiB / 3.824GiB
restapi-app2-1,96.12%,77.12MiB / 3.824GiB
restapi-app2-1,102.86%,81.14MiB / 3.824GiB
restapi-app2-1,95.71%,78.98MiB / 3.824GiB
restapi-app2-1,105.87%,79.47MiB / 3.824GiB
restapi-app2-1,95.85%,77.06MiB / 3.824GiB
restapi-app2-1,101.60%,75.77MiB / 3.824GiB
restapi-app2-1,88.27%,79.34MiB / 3.824GiB
restapi-app2-1,99.15%,80.19MiB / 3.824GiB
restapi-app2-1,100.32%,79.69MiB / 3.824GiB
restapi-app2-1,95.07%,77.91MiB / 3.824GiB
restapi-app2-1,102.36%,77.29MiB / 3.824GiB
restapi-app2-1,101.97%,79.34MiB / 3.824GiB
restapi-app2-1,94.84%,80.68MiB / 3.824GiB
restapi-app2-1,95.70%,76.26MiB / 3.824GiB
restapi-app2-1,100.05%,75.49MiB / 3.824GiB
restapi-app2-1,93.93%,75.77MiB / 3.824GiB
restapi-app2-1,91.97%,74.33MiB / 3.824GiB
restapi-app2-1,93.85%,75.79MiB / 3.824GiB
restapi-app2-1,90.38%,75.58MiB / 3.824GiB
restapi-app2-1,100.40%,75.21MiB / 3.824GiB
restapi-app2-1,96.91%,76.77MiB / 3.824GiB
restapi-app2-1,102.59%,77.66MiB / 3.824GiB
restapi-app2-1,98.86%,74.57MiB / 3.824GiB
restapi-app2-1,89.95%,74.9MiB / 3.824GiB
restapi-app2-1,94.87%,75.43MiB / 3.824GiB
restapi-app2-1,90.53%,75.53MiB / 3.824GiB
restapi-app2-1,86.57%,73.74MiB / 3.824GiB
restapi-app2-1,90.67%,74.4MiB / 3.824GiB
restapi-app2-1,78.77%,73.67MiB / 3.824GiB
restapi-app2-1,85.16%,74.73MiB / 3.824GiB
restapi-app2-1,129.45%,72.13MiB / 3.824GiB
restapi-app2-1,99.65%,82.86MiB / 3.824GiB
restapi-app2-1,87.94%,73.61MiB / 3.824GiB
restapi-app2-1,87.48%,73.29MiB / 3.824GiB
restapi-app2-1,75.35%,70.49MiB / 3.824GiB
restapi-app2-1,70.90%,71.78MiB / 3.824GiB
restapi-app2-1,84.19%,70.29MiB / 3.824GiB
restapi-app2-1,71.50%,71.29MiB / 3.824GiB
restapi-app2-1,81.04%,71.6MiB / 3.824GiB
restapi-app2-1,74.03%,70.28MiB / 3.824GiB
restapi-app2-1,84.83%,69.25MiB / 3.824GiB
restapi-app2-1,86.74%,72.09MiB / 3.824GiB
restapi-app2-1,76.82%,69.43MiB / 3.824GiB
restapi-app2-1,77.29%,71.5MiB / 3.824GiB
restapi-app2-1,68.66%,69.92MiB / 3.824GiB
restapi-app2-1,73.54%,70.32MiB / 3.824GiB
restapi-app2-1,77.79%,71.22MiB / 3.824GiB
restapi-app2-1,65.67%,70.12MiB / 3.824GiB
restapi-app2-1,64.12%,70.68MiB / 3.824GiB
restapi-app2-1,77.30%,70.37MiB / 3.824GiB
restapi-app2-1,65.69%,70.03MiB / 3.824GiB
restapi-app2-1,68.08%,71.09MiB / 3.824GiB
restapi-app2-1,58.74%,71.77MiB / 3.824GiB
restapi-app2-1,68.89%,69.06MiB / 3.824GiB
restapi-app2-1,52.09%,68.28MiB / 3.824GiB
restapi-app2-1,60.42%,67.91MiB / 3.824GiB
restapi-app2-1,51.81%,67.88MiB / 3.824GiB
restapi-app2-1,46.24%,67.09MiB / 3.824GiB
restapi-app2-1,57.24%,67.09MiB / 3.824GiB
restapi-app2-1,50.58%,66.37MiB / 3.824GiB
restapi-app2-1,48.30%,66.81MiB / 3.824GiB
restapi-app2-1,51.32%,66.05MiB / 3.824GiB
restapi-app2-1,45.92%,65.57MiB / 3.824GiB
restapi-app2-1,47.34%,65.64MiB / 3.824GiB
restapi-app2-1,45.14%,65.98MiB / 3.824GiB
restapi-app2-1,38.42%,65.72MiB / 3.824GiB
restapi-app2-1,44.90%,65.01MiB / 3.824GiB
restapi-app2-1,41.78%,64.24MiB / 3.824GiB
restapi-app2-1,36.49%,64.21MiB / 3.824GiB
restapi-app2-1,39.20%,64.96MiB / 3.824GiB
restapi-app2-1,34.64%,64.12MiB / 3.824GiB
restapi-app2-1,45.35%,63.3MiB / 3.824GiB
restapi-app2-1,50.20%,63.1MiB / 3.824GiB
restapi-app2-1,39.00%,62.96MiB / 3.824GiB
restapi-app2-1,41.05%,61.72MiB / 3.824GiB
restapi-app2-1,32.13%,62.41MiB / 3.824GiB
restapi-app2-1,94.98%,61.81MiB / 3.824GiB
restapi-app2-1,38.39%,61.68MiB / 3.824GiB
restapi-app2-1,35.77%,61.57MiB / 3.824GiB
restapi-app2-1,30.67%,61.9MiB / 3.824GiB
restapi-app2-1,29.96%,62.29MiB / 3.824GiB
restapi-app2-1,27.04%,60.79MiB / 3.824GiB
restapi-app2-1,27.22%,60.88MiB / 3.824GiB
restapi-app2-1,24.45%,60.48MiB / 3.824GiB
restapi-app2-1,21.08%,61.15MiB / 3.824GiB
restapi-app2-1,25.50%,61.11MiB / 3.824GiB
restapi-app2-1,21.16%,59.89MiB / 3.824GiB
restapi-app2-1,27.38%,60.52MiB / 3.824GiB
restapi-app2-1,16.41%,59.88MiB / 3.824GiB
restapi-app2-1,23.69%,59.82MiB / 3.824GiB
restapi-app2-1,12.37%,60.75MiB / 3.824GiB
restapi-app2-1,10.07%,60.81MiB / 3.824GiB
restapi-app2-1,13.88%,58.32MiB / 3.824GiB
restapi-app2-1,8.22%,58.84MiB / 3.824GiB
restapi-app2-1,9.63%,57.88MiB / 3.824GiB
restapi-app2-1,7.92%,57.36MiB / 3.824GiB
restapi-app2-1,6.23%,56.5MiB / 3.824GiB
restapi-app2-1,5.47%,56.79MiB / 3.824GiB
restapi-app2-1,4.01%,56.09MiB / 3.824GiB
restapi-app2-1,3.02%,56.48MiB / 3.824GiB
restapi-app2-1,0.77%,55.9MiB / 3.824GiB
restapi-app2-1,0.00%,56.3MiB / 3.824GiB
restapi-app2-1,0.00%,18.21MiB / 3.824GiB
restapi-app2-1,0.00%,18.21MiB / 3.824GiB
restapi-app2-1,0.00%,18.21MiB / 3.824GiB
restapi-app2-1,0.00%,18.21MiB / 3.824GiB
restapi-app2-1,0.00%,18.21MiB / 3.824GiB
restapi-app2-1,0.00%,18.21MiB / 3.824GiB
restapi-app2-1,0.00%,18.21MiB / 3.824GiB
restapi-app2-1,0.00%,18.21MiB / 3.824GiB
restapi-app2-1,0.00%,18.21MiB / 3.824GiB
restapi-app2-1,0.00%,18.21MiB / 3.824GiB
